ShowName,SeasonNo,EpisodeNo,EpisodeName
Family Guy,1,1,Death Has a Shadow
Family Guy,1,2,I Never Met the Dead Man
Family Guy,1,3,Chitty Chitty Death Bang
Family Guy,1,4,Mind Over Murder
Family Guy,1,5,A Hero Sits Next Door
Family Guy,1,6,The Son Also Draws
Family Guy,1,7,Brian: Portrait of a Dog
Family Guy,2,1,"Peter, Peter, Caviar Eater"
Family Guy,2,2,Holy Crap
Family Guy,2,3,Da Boom
Family Guy,2,4,Brian in Love
Family Guy,2,5,Love Thy Trophy
Family Guy,2,6,Death Is a Bitch
Family Guy,2,7,The King Is Dead
Family Guy,2,8,"I Am Peter, Hear Me Roar"
Family Guy,2,9,"If I'm Dyin', I'm Lyin'"
Family Guy,2,10,Running Mates
Family Guy,2,11,"A Picture is Worth 1,000 Bucks"
Family Guy,2,12,Fifteen Minutes of Shame
Family Guy,2,13,Road to Rhode Island
Family Guy,2,14,Let's Go to the Hop
Family Guy,2,15,Dammit Janet
Family Guy,2,16,There's Something About Paulie
Family Guy,2,17,He's Too Sexy for His Fat
Family Guy,2,18,E. Peterbus Unum
Family Guy,2,19,The Story on Page One
Family Guy,2,20,Wasted Talent
Family Guy,3,1,The Thin White Line
Family Guy,3,2,Brian Does Hollywood
Family Guy,3,3,Mr. Griffin Goes to Washington
Family Guy,3,4,"One If by Clam, Two If by Sea"
Family Guy,3,5,And the Wiener Is...
Family Guy,3,6,Death Lives
Family Guy,3,7,Lethal Weapons
Family Guy,3,8,The Kiss Seen Around the World
Family Guy,3,9,Mr. Saturday Knight
Family Guy,3,10,A Fish Out of Water
Family Guy,3,11,Emission Impossible
Family Guy,3,12,To Love and Die in Dixie
Family Guy,3,13,Screwed the Pooch
Family Guy,3,14,"Peter Griffin: Husband, Father... Brother?"
Family Guy,3,15,"Ready, Willing, and Disabled"
Family Guy,3,16,A Very Special Family Guy Freakin' Christmas
Family Guy,3,17,Brian Wallows and Peter's Swallows
Family Guy,3,18,From Method to Madness
Family Guy,3,19,"Stuck Together, Torn Apart"
Family Guy,3,20,Road to Europe
Family Guy,3,21,Family Guy Viewer Mail #1
Family Guy,3,22,When You Wish Upon a Weinstein
Family Guy,4,1,North by North Quahog
Family Guy,4,2,Fast Times at Buddy Cianci Jr. High
Family Guy,4,3,Blind Ambition
Family Guy,4,4,Don't Make Me Over
Family Guy,4,5,The Clevelandâ€“Loretta Quagmire
Family Guy,4,6,Petarded
Family Guy,4,7,Brian the Bachelor
Family Guy,4,8,8 Simple Rules for Buying My Teenage Daughter
Family Guy,4,9,Breaking Out Is Hard to Do
Family Guy,4,10,Model Misbehavior
Family Guy,4,11,Peter's Got Woods
Family Guy,4,12,Perfect Castaway
Family Guy,4,13,Jungle Love
Family Guy,4,14,PTV
Family Guy,4,15,Brian Goes Back to College
Family Guy,4,16,The Courtship of Stewie's Father
Family Guy,4,17,The Fat Guy Strangler
Family Guy,4,18,"The Father, the Son, and the Holy Fonz"
Family Guy,4,19,Brian Sings and Swings
Family Guy,4,20,Patriot Games
Family Guy,4,21,I Take Thee Quagmire
Family Guy,4,22,Sibling Rivalry
Family Guy,4,23,Deep Throats
Family Guy,4,24,Peterotica
Family Guy,4,25,You May Now Kiss the... Uh... Guy Who Receives
Family Guy,4,26,Petergeist
Family Guy,4,27,The Griffin Family History
Family Guy,4,28,Stewie B. Goode
Family Guy,4,29,"Bango Was His Name, Oh!"
Family Guy,4,30,Stu and Stewie's Excellent Adventure
Family Guy,5,1,Stewie Loves Lois
Family Guy,5,2,Mother Tucker
Family Guy,5,3,Hell Comes to Quahog
Family Guy,5,4,Saving Private Brian
Family Guy,5,5,Whistle While Your Wife Works
Family Guy,5,6,Prick Up Your Ears
Family Guy,5,7,Chick Cancer
Family Guy,5,8,Barely Legal
Family Guy,5,9,Road to Rupert
Family Guy,5,10,Peter's Two Dads
Family Guy,5,11,The Tan Aquatic with Steve Zissou
Family Guy,5,12,Airport '07
Family Guy,5,13,Bill & Peter's Bogus Journey
Family Guy,5,14,No Meals on Wheels
Family Guy,5,15,Boys Do Cry
Family Guy,5,16,No Chris Left Behind
Family Guy,5,17,"It Takes a Village Idiot, and I Married One"
Family Guy,5,18,Meet the Quagmires
Family Guy,6,1,Blue Harvest
Family Guy,6,2,Movin' Out (Brian's Song)
Family Guy,6,3,"Believe It or Not, Joe's Walking on Air"
Family Guy,6,4,Stewie Kills Lois
Family Guy,6,5,Lois Kills Stewie
Family Guy,6,6,Padre de Familia
Family Guy,6,7,Peter's Daughter
Family Guy,6,8,McStroke
Family Guy,6,9,Back to the Woods
Family Guy,6,10,"Play It Again, Brian"
Family Guy,6,11,The Former Life of Brian
Family Guy,6,12,Long John Peter
Family Guy,7,1,"Love, Blactually"
Family Guy,7,2,I Dream of Jesus
Family Guy,7,3,Road to Germany
Family Guy,7,4,Baby Not on Board
Family Guy,7,5,The Man with Two Brians
Family Guy,7,6,Tales of a Third Grade Nothing
Family Guy,7,7,Ocean's Three and a Half
Family Guy,7,8,Family Gay
Family Guy,7,9,The Juice Is Loose
Family Guy,7,10,Fox-y Lady
Family Guy,7,11,Not All Dogs Go to Heaven
Family Guy,7,12,420
Family Guy,7,13,Stew-Roids
Family Guy,7,14,"We Love You, Conrad"
Family Guy,7,15,Three Kings
Family Guy,7,16,Peter's Progress
Family Guy,8,1,Road to the Multiverse
Family Guy,8,2,Family Goy
Family Guy,8,3,Spies Reminiscent of Us
Family Guy,8,4,Brian's Got a Brand New Bag
Family Guy,8,5,Hannah Banana
Family Guy,8,6,Quagmire's Baby
Family Guy,8,7,Jerome Is the New Black
Family Guy,8,8,Dog Gone
Family Guy,8,9,Business Guy
Family Guy,8,10,Big Man on Hippocampus
Family Guy,8,11,Dial Meg for Murder
Family Guy,8,12,Extra Large Medium
Family Guy,8,13,"Go, Stewie, Go!"
Family Guy,8,14,Peter-assment
Family Guy,8,15,Brian Griffin's House of Payne
Family Guy,8,16,April in Quahog
Family Guy,8,17,Brian & Stewie
Family Guy,8,18,Quagmire's Dad
Family Guy,8,19,The Splendid Source
Family Guy,8,20,"Something, Something, Something, Dark Side"
Family Guy,8,21,Partial Terms of Endearment
Family Guy,9,1,And Then There Were Fewer
Family Guy,9,2,Excellence in Broadcasting
Family Guy,9,3,"Welcome Back, Carter"
Family Guy,9,4,Halloween on Spooner Street
Family Guy,9,5,"Baby, You Knock Me Out"
Family Guy,9,6,Brian Writes a Bestseller
Family Guy,9,7,Road to the North Pole
Family Guy,9,8,New Kidney in Town
Family Guy,9,9,And I'm Joyce Kinney
Family Guy,9,10,Friends of Peter G.
Family Guy,9,11,German Guy
Family Guy,9,12,The Hand That Rocks the Wheelchair
Family Guy,9,13,Trading Places
Family Guy,9,14,Tiegs for Two
Family Guy,9,15,Brothers & Sisters
Family Guy,9,16,The Big Bang Theory
Family Guy,9,17,Foreign Affairs
Family Guy,9,18,It's a Trap!
Family Guy,10,1,Lottery Fever
Family Guy,10,2,Seahorse Seashell Party
Family Guy,10,3,Screams of Silence: The Story of Brenda Q
Family Guy,10,4,Stewie Goes for a Drive
Family Guy,10,5,Back to the Pilot
Family Guy,10,6,Thanksgiving
Family Guy,10,7,Amish Guy
Family Guy,10,8,Cool Hand Peter
Family Guy,10,9,Grumpy Old Man
Family Guy,10,10,Meg and Quagmire
Family Guy,10,11,The Blind Side
Family Guy,10,12,Livin' on a Prayer
Family Guy,10,13,Tom Tucker: The Man and His Dream
Family Guy,10,14,Be Careful What You Fish For
Family Guy,10,15,Burning Down the Bayit
Family Guy,10,16,Killer Queen
Family Guy,10,17,Forget-Me-Not
Family Guy,10,18,"You Can't Do That on Television, Peter"
Family Guy,10,19,Mr. and Mrs. Stewie
Family Guy,10,20,Leggo My Meg-O
Family Guy,10,21,Tea Peter
Family Guy,10,22,Family Guy Viewer Mail #2
Family Guy,10,23,Internal Affairs
Family Guy,11,1,Into Fat Air
Family Guy,11,2,Ratings Guy
Family Guy,11,3,The Old Man and the Big 'C'
Family Guy,11,4,Yug Ylimaf
Family Guy,11,5,Joe's Revenge
Family Guy,11,6,Lois Comes Out of Her Shell
Family Guy,11,7,Friends Without Benefits
Family Guy,11,8,"Jesus, Mary and Joseph!"
Family Guy,11,9,Space Cadet
Family Guy,11,10,Brian's Play
Family Guy,11,11,The Giggity Wife
Family Guy,11,12,Valentine's Day in Quahog
Family Guy,11,13,Chris Cross
Family Guy,11,14,Call Girl
Family Guy,11,15,Turban Cowboy
Family Guy,11,16,12 and a Half Angry Men
Family Guy,11,17,Bigfat
Family Guy,11,18,Total Recall
Family Guy,11,19,Save the Clam
Family Guy,11,20,Farmer Guy
Family Guy,11,21,Roads to Vegas
Family Guy,11,22,No Country Club for Old Men
Family Guy,12,1,Finders Keepers
Family Guy,12,2,Vestigial Peter
Family Guy,12,3,Quagmire's Quagmire
Family Guy,12,4,A Fistful of Meg
Family Guy,12,5,Boopa-dee Bappa-dee
Family Guy,12,6,Life of Brian
Family Guy,12,7,Into Harmony's Way
Family Guy,12,8,Christmas Guy
Family Guy,12,9,Peter Problems
Family Guy,12,10,Grimm Job
Family Guy,12,11,Brian's a Bad Father
Family Guy,12,12,Mom's the Word
Family Guy,12,13,3 Acts of God
Family Guy,12,14,Fresh Heir
Family Guy,12,15,Secondhand Spoke
Family Guy,12,16,Herpe the Love Sore
Family Guy,12,17,The Most Interesting Man in the World
Family Guy,12,18,Baby Got Black
Family Guy,12,19,Meg Stinks!
Family Guy,12,20,He's Bla-ack!
Family Guy,12,21,Chap Stewie
Family Guy,13,1,The Simpsons Guy
Family Guy,13,2,The Book of Joe
Family Guy,13,3,Baking Bad
Family Guy,13,4,Brian the Closer
Family Guy,13,5,Turkey Guys
Family Guy,13,6,The 2000-Year-Old Virgin
Family Guy,13,7,"Stewie, Chris, & Brian's Excellent Adventure"
Family Guy,13,8,Our Idiot Brian
Family Guy,13,9,This Little Piggy
Family Guy,13,10,Quagmire's Mom
Family Guy,13,11,Encyclopedia Griffin
Family Guy,13,12,Stewie Is Enceinte
Family Guy,13,13,Dr. C and the Women
Family Guy,13,14,#JOLO
Family Guy,13,15,Once Bitten
Family Guy,13,16,Roasted Guy
Family Guy,13,17,Fighting Irish
Family Guy,13,18,Take My Wife
Family Guy,14,1,Pilling Them Softly
Family Guy,14,2,Papa Has a Rollin' Son
Family Guy,14,3,"Guy, Robot"
Family Guy,14,4,Peternormal Activity
Family Guy,14,5,"Peter, Chris & Brian"
Family Guy,14,6,Peter's Sister
Family Guy,14,7,Hot Pocket-Dial
Family Guy,14,8,Brokeback Swanson
Family Guy,14,9,A Shot in the Dark
Family Guy,14,10,"Candy, Quahog Marshmallow"
Family Guy,14,11,The Peanut Butter Kid
Family Guy,14,12,Scammed Yankees
Family Guy,14,13,An App a Day
Family Guy,14,14,Underage Peter
Family Guy,14,15,A Lot Going on Upstairs
Family Guy,14,16,The Heartbreak Dog
Family Guy,14,17,Take a Letter
Family Guy,14,18,The New Adventures of Old Tom
Family Guy,14,19,"Run, Chris, Run"
Family Guy,14,20,Road to India
Family Guy,15,1,The Boys in the Band
Family Guy,15,2,Bookie of the Year
Family Guy,15,3,American Gigg-olo
Family Guy,15,4,Inside Family Guy
Family Guy,15,5,"Chris Has Got a Date, Date, Date, Date, Date"
Family Guy,15,6,Hot Shots
Family Guy,15,7,High School English
Family Guy,15,8,Carter and Tricia
Family Guy,15,9,How the Griffin Stole Christmas
Family Guy,15,10,Passenger Fatty-Seven
Family Guy,15,11,Gronkowsbees
Family Guy,15,12,Peter's Def Jam
Family Guy,15,13,The Finer Strings
Family Guy,15,14,The Dating Game
Family Guy,15,15,Cop and a Half-wit
Family Guy,15,16,Saturated Fat Guy
Family Guy,15,17,Peter's Lost Youth
Family Guy,15,18,The Peter Principal
Family Guy,15,19,Dearly Deported
Family Guy,15,20,A House Full of Peters
Family Guy,16,1,Emmy-Winning Episode
Family Guy,16,2,Foxx in the Men House
Family Guy,16,3,Nanny Goats
Family Guy,16,4,Follow the Money
Family Guy,16,5,Three Directors
Family Guy,16,6,The D in Apartment 23
Family Guy,16,7,Petey IV
Family Guy,16,8,Crimes and Meg's Demeanor
Family Guy,16,9,Don't Be a Dickens at Christmas
Family Guy,16,10,Boy (Dog) Meets Girl (Dog)
Family Guy,16,11,Dog Bites Bear
Family Guy,16,12,"Send in Stewie, Please"
Family Guy,16,13,V Is for Mystery
Family Guy,16,14,Veteran Guy
Family Guy,16,15,The Woof of Wall Street
Family Guy,16,16,Family Guy Through the Years
Family Guy,16,17,Switch the Flip
Family Guy,16,18,HTTPete
Family Guy,16,19,The Unkindest Cut
Family Guy,16,20,"Are You There God? It's Me, Peter"
Family Guy,17,1,Married... with Cancer
Family Guy,17,2,Dead Dog Walking
Family Guy,17,3,Pal Stewie
Family Guy,17,4,Big Trouble in Little Quahog
Family Guy,17,5,Regarding Carter
Family Guy,17,6,Stand by Meg
Family Guy,17,7,Griffin Winter Games
Family Guy,17,8,Con Heiress
Family Guy,17,9,Pawtucket Pete
Family Guy,17,10,Hefty Shades of Gray
Family Guy,17,11,Trump Guy
Family Guy,17,12,"Bri, Robot"
Family Guy,17,13,Trans-Fat
Family Guy,17,14,Family Guy Lite
Family Guy,17,15,"No Giggity, No Doubt"
Family Guy,17,16,You Can't Handle the Booth!
Family Guy,17,17,Island Adventure
Family Guy,17,18,Throw It Away
Family Guy,17,19,"Girl, Internetted"
Family Guy,17,20,Adam West High
Family Guy,18,1,Yacht Rocky
Family Guy,18,2,Bri-Da
Family Guy,18,3,Absolutely Babulous
Family Guy,18,4,Disney's The Reboot
Family Guy,18,5,Cat Fight
Family Guy,18,6,Peter & Lois' Wedding
Family Guy,18,7,Heart Burn
Family Guy,18,8,Shanksgiving
Family Guy,18,9,Christmas Is Coming
Family Guy,18,10,Connie's Celica
Family Guy,18,11,Short Cuts
Family Guy,18,12,Undergrounded
Family Guy,18,13,Rich Old Stewie
Family Guy,18,14,The Movement
Family Guy,18,15,Baby Stewie
Family Guy,18,16,Start Me Up
Family Guy,18,17,Coma Guy
Family Guy,18,18,Better Off Meg
Family Guy,18,19,Holly Bibble
Family Guy,18,20,Movin' In (Principal Shepherd's Song)
Family Guy,19,1,Stewie's First Word
Family Guy,19,2,The Talented Mr. Stewie
Family Guy,19,3,Boys & Squirrels
Family Guy,19,4,Cutawayland
Family Guy,19,5,La Famiglia Guy
Family Guy,19,6,Meg's Wedding
Family Guy,19,7,Wild Wild West
Family Guy,19,8,Pawtucket Pat
Family Guy,19,9,The First No L
Family Guy,19,10,Fecal Matters
Family Guy,19,11,Boy's Best Friend
Family Guy,19,12,And Then There's Fraud
Family Guy,19,13,PeTerminator
Family Guy,19,14,The Marrying Kind
Family Guy,19,15,Customer of the Week
Family Guy,19,16,Who's Brian Now?
Family Guy,19,17,Young Parent Trap
Family Guy,19,18,Meg Goes to College
Family Guy,19,19,Family Cat
Family Guy,19,20,Tales of Former Sports Glory
Family Guy,20,1,LASIK Instinct
Family Guy,20,2,Rock Hard
Family Guy,20,3,Must Love Dogs
Family Guy,20,4,80's Guy
Family Guy,20,5,Brief Encounter
Family Guy,20,6,Cootie & The Blowhard
Family Guy,20,7,Peterschmidt Manor
Family Guy,20,8,The Birthday Bootlegger
Family Guy,20,9,The Fatman Always Rings Twice
Family Guy,20,10,Christmas Crime
Family Guy,20,11,Mister Act
Family Guy,20,12,The Lois Quagmire
Family Guy,20,13,Lawyer Guy
Family Guy,20,14,HBO-No
Family Guy,20,15,Hard Boiled Meg
Family Guy,20,16,Prescription Heroine
Family Guy,20,17,All About Alana
Family Guy,20,18,"Girlfriend, Eh?"
Family Guy,20,19,First Blood
Family Guy,20,20,Jersey Bore
Family Guy,21,1,Oscars Guy
Family Guy,21,2,Bend or Blockbuster
Family Guy,21,3,A Wife-Changing Experience
Family Guy,21,4,The Munchurian Candidate
Family Guy,21,5,Unzipped Code
Family Guy,21,6,Happy Holo-ween
Family Guy,21,7,The Stewaway
Family Guy,21,8,Get Stewie
Family Guy,21,9,Carny Knowledge
Family Guy,21,10,The Candidate
Family Guy,21,11,Love Story Guy
Family Guy,21,12,Old West
Family Guy,21,13,Single White Dad
Family Guy,21,14,White Meg Can't Jump
Family Guy,21,15,Adoptation
Family Guy,21,16,The Bird Reich
Family Guy,21,17,A Bottle Episode
Family Guy,21,18,Vat Man and Rob 'Em
Family Guy,21,19,From Russia with Love
Family Guy,21,20,Adult Education
Family Guy,22,1,Fertilized Megg
Family Guy,22,2,Supermarket Pete
Family Guy,22,3,A 'Stache from the Past
Family Guy,22,4,Old World Harm
Family Guy,22,5,"Baby, It's Cold Inside"
Family Guy,22,6,Boston Stewie
Family Guy,22,7,Snap(ple) Decision
Family Guy,22,8,Baking Sad
Family Guy,22,9,The Return of the King (of Queens)
Family Guy,22,10,Cabin Pressure
Family Guy,22,11,Teacher's Heavy Pet
Family Guy,22,12,Take This Job and Love It
Family Guy,22,13,Lifeguard Meg
Family Guy,22,14,Fat Actor
Family Guy,22,15,Faith No More
